family_id,group,source_page,source_url,original_filename,proposed_entity,proposed_role,local_staging_reference,format,width,height,aspect_ratio,file_size,checksum,decoding_succeeds,exif_present,transparency,dhash,duplicate_status,duplicate_of,quality_status,recommended_role,rights_status,entity_resolution_status,owner_confirmation_required,migration_status,notes,owner_question
1c10448b17dc,Gandhi Sagar Lake,https://maharashtratouristplaces.in/nagpur/umred/gandhi-sagar-lake/,https://maharashtratouristplaces.in/wp-content/uploads/2026/04/shivling-Gandhi-Sagar-Lake-Gaotalav-Umred​.webp,shivling-Gandhi-Sagar-Lake-Gaotalav-Umred​.webp,"Gandhi Sagar Lake, Umred",PLACE_GALLERY,migration-staging/umred/images/1c10448b17dc.source,WEBP,1280,960,1.33333,288964,7d50a001e14a2d7f52a6b1eaeed2598129d218e4d28d31d77e6a4579f8863144,true,true,false,7beb9d96340cdcaa,UNIQUE,,GOOD,HERO_CANDIDATE,OWNER_CONFIRMATION_REQUIRED,ENTITY_RESOLUTION_REQUIRED,YES,STAGED_CACHED,Subject identity is not verified. Page association is proposed ownership only; no rights inference.,"Can Maharashtra Tourist Places reuse this exact image on the new website? Supply creator/owner, license or permission, usage basis, attribution and rights-confirmation date; confirm subject and proposed entity. Resolve lake/park Place identity separately; staging does not authorize attachment."
87694c5369cf,Gandhi Sagar Lake,https://maharashtratouristplaces.in/nagpur/umred/gandhi-sagar-lake/,https://maharashtratouristplaces.in/wp-content/uploads/2026/04/shiv-temple-Gandhi-Sagar-Lake-Gaotalav-Umred%E2%80%8B.webp,shiv-temple-Gandhi-Sagar-Lake-Gaotalav-Umred​.webp,"Gandhi Sagar Lake, Umred",PLACE_GALLERY,migration-staging/umred/images/87694c5369cf.source,WEBP,1280,960,1.33333,243566,cdfc82d1f0af08fb27314829fb9cbd1523d3954b0d03c96ba8e26744e51f85aa,true,true,false,dc8d9b9b8888c9c0,UNIQUE,,GOOD,HERO_CANDIDATE,OWNER_CONFIRMATION_REQUIRED,ENTITY_RESOLUTION_REQUIRED,YES,STAGED_CACHED,Subject identity is not verified. Page association is proposed ownership only; no rights inference.,"Can Maharashtra Tourist Places reuse this exact image on the new website? Supply creator/owner, license or permission, usage basis, attribution and rights-confirmation date; confirm subject and proposed entity. Resolve lake/park Place identity separately; staging does not authorize attachment."
8913a71b50fb,Gandhi Sagar Lake,https://maharashtratouristplaces.in/nagpur/umred/gandhi-sagar-lake/,https://maharashtratouristplaces.in/wp-content/uploads/2026/04/Gandhi-Sagar-Lake-Gaotalav-Umred​-side-view2.webp,Gandhi-Sagar-Lake-Gaotalav-Umred​-side-view2.webp,"Gandhi Sagar Lake, Umred",PLACE_GALLERY,migration-staging/umred/images/8913a71b50fb.source,WEBP,1280,960,1.33333,263194,65d5a0e980e8d101552f6bfb2254b4cdd01bef6caa3161490308f7fbe81bae95,true,true,false,e90e840490ac90f0,UNIQUE,,GOOD,HERO_CANDIDATE,OWNER_CONFIRMATION_REQUIRED,ENTITY_RESOLUTION_REQUIRED,YES,STAGED_CACHED,Subject identity is not verified. Page association is proposed ownership only; no rights inference.,"Can Maharashtra Tourist Places reuse this exact image on the new website? Supply creator/owner, license or permission, usage basis, attribution and rights-confirmation date; confirm subject and proposed entity. Resolve lake/park Place identity separately; staging does not authorize attachment."
ba40b5d01683,Gandhi Sagar Lake,https://maharashtratouristplaces.in/nagpur/umred/gandhi-sagar-lake/,https://maharashtratouristplaces.in/wp-content/uploads/2026/04/Gandhi-Sagar-Lake-Gaotalav-Umred​-side-view3.webp,Gandhi-Sagar-Lake-Gaotalav-Umred​-side-view3.webp,"Gandhi Sagar Lake, Umred",PLACE_GALLERY,migration-staging/umred/images/ba40b5d01683.source,WEBP,1280,960,1.33333,195908,6a50102cef64242ddd148a338cdf9952ebf896e9c52f72b2aec54d2307644bea,true,true,false,a7e7e7af7958b63f,UNIQUE,,GOOD,HERO_CANDIDATE,OWNER_CONFIRMATION_REQUIRED,ENTITY_RESOLUTION_REQUIRED,YES,STAGED_CACHED,Subject identity is not verified. Page association is proposed ownership only; no rights inference.,"Can Maharashtra Tourist Places reuse this exact image on the new website? Supply creator/owner, license or permission, usage basis, attribution and rights-confirmation date; confirm subject and proposed entity. Resolve lake/park Place identity separately; staging does not authorize attachment."
c33537fcad9d,Gandhi Sagar Lake,https://maharashtratouristplaces.in/nagpur/umred/,https://maharashtratouristplaces.in/wp-content/uploads/2026/04/Gandhi-Sagar-Lake-Gaotalav-Umred%E2%80%8B-side-view1.webp,Gandhi-Sagar-Lake-Gaotalav-Umred​-side-view1.webp,"Gandhi Sagar Lake, Umred",PLACE_HERO,migration-staging/umred/images/c33537fcad9d.source,WEBP,1280,960,1.33333,145410,386135745da6aff66aaf504d0e8b27e5b791b3d9fd5834b7819b80c8b9dc8982,true,true,false,b0e9008687a064cf,UNIQUE,,GOOD,HERO_CANDIDATE,OWNER_CONFIRMATION_REQUIRED,ENTITY_RESOLUTION_REQUIRED,YES,STAGED_CACHED,Subject identity is not verified. Page association is proposed ownership only; no rights inference.,"Can Maharashtra Tourist Places reuse this exact image on the new website? Supply creator/owner, license or permission, usage basis, attribution and rights-confirmation date; confirm subject and proposed entity. Resolve lake/park Place identity separately; staging does not authorize attachment."
e7e8e515db41,Gandhi Sagar Lake,https://maharashtratouristplaces.in/nagpur/umred/gandhi-sagar-lake/,https://maharashtratouristplaces.in/wp-content/uploads/2026/04/Gandhi-Sagar-Lake-Gaotalav-Umred​.webp,Gandhi-Sagar-Lake-Gaotalav-Umred​.webp,"Gandhi Sagar Lake, Umred",PLACE_GALLERY,migration-staging/umred/images/e7e8e515db41.source,WEBP,1280,960,1.33333,211952,cec51c70764c9bf8cb10a9ece2f698f0c87ca18d924e7065a8b078144c335545,true,true,false,6163cbdef6e0b820,EXACT_DUPLICATE,2b75b01d8695,GOOD,HERO_CANDIDATE,OWNER_CONFIRMATION_REQUIRED,ENTITY_RESOLUTION_REQUIRED,YES,STAGED_CACHED,Subject identity is not verified. Page association is proposed ownership only; no rights inference.,"Can Maharashtra Tourist Places reuse this exact image on the new website? Supply creator/owner, license or permission, usage basis, attribution and rights-confirmation date; confirm subject and proposed entity. Resolve lake/park Place identity separately; staging does not authorize attachment."
2b75b01d8695,Gandhi Sagar Park,https://maharashtratouristplaces.in/nagpur/umred/gandhi-sagar-park/,https://maharashtratouristplaces.in/wp-content/uploads/2026/04/Gandhi-Sagar-Park-out-side-view.webp,Gandhi-Sagar-Park-out-side-view.webp,"Gandhi Sagar Park, Umred",PLACE_GALLERY,migration-staging/umred/images/2b75b01d8695.source,WEBP,1280,960,1.33333,211952,cec51c70764c9bf8cb10a9ece2f698f0c87ca18d924e7065a8b078144c335545,true,true,false,6163cbdef6e0b820,EXACT_DUPLICATE,e7e8e515db41,GOOD,HERO_CANDIDATE,OWNER_CONFIRMATION_REQUIRED,ENTITY_RESOLUTION_REQUIRED,YES,STAGED_CACHED,Subject identity is not verified. Page association is proposed ownership only; no rights inference.,"Can Maharashtra Tourist Places reuse this exact image on the new website? Supply creator/owner, license or permission, usage basis, attribution and rights-confirmation date; confirm subject and proposed entity. Resolve lake/park Place identity separately; staging does not authorize attachment."
52e1c361ff91,Gandhi Sagar Park,https://maharashtratouristplaces.in/nagpur/umred/gandhi-sagar-park/,https://maharashtratouristplaces.in/wp-content/uploads/2026/04/Beautiful-Gandhi-Sagar-Park-in-umred.webp,Beautiful-Gandhi-Sagar-Park-in-umred.webp,"Gandhi Sagar Park, Umred",PLACE_GALLERY,migration-staging/umred/images/52e1c361ff91.source,WEBP,1280,960,1.33333,357882,108f4c5109979c1a49f8cfe721665c0ec580fc1ba88d273019a55af972fe42c4,true,true,false,9c9c949959c88632,UNIQUE,,GOOD,HERO_CANDIDATE,OWNER_CONFIRMATION_REQUIRED,ENTITY_RESOLUTION_REQUIRED,YES,STAGED_CACHED,Subject identity is not verified. Page association is proposed ownership only; no rights inference.,"Can Maharashtra Tourist Places reuse this exact image on the new website? Supply creator/owner, license or permission, usage basis, attribution and rights-confirmation date; confirm subject and proposed entity. Resolve lake/park Place identity separately; staging does not authorize attachment."
5fe55172c4f8,Gandhi Sagar Park,https://maharashtratouristplaces.in/nagpur/umred/gandhi-sagar-park/,https://maharashtratouristplaces.in/wp-content/uploads/2026/04/Gandhi-Sagar-Park-front-view.webp,Gandhi-Sagar-Park-front-view.webp,"Gandhi Sagar Park, Umred",PLACE_GALLERY,migration-staging/umred/images/5fe55172c4f8.source,WEBP,1280,960,1.33333,198982,d4e622c41ccca5cbbdd9499475d2c4bc5a37089eeef4f293eb0c1f4ccf2f2a4f,true,true,false,c4a1c9c9b998f0ec,UNIQUE,,GOOD,HERO_CANDIDATE,OWNER_CONFIRMATION_REQUIRED,ENTITY_RESOLUTION_REQUIRED,YES,STAGED_CACHED,Subject identity is not verified. Page association is proposed ownership only; no rights inference.,"Can Maharashtra Tourist Places reuse this exact image on the new website? Supply creator/owner, license or permission, usage basis, attribution and rights-confirmation date; confirm subject and proposed entity. Resolve lake/park Place identity separately; staging does not authorize attachment."
605e808cbb9d,Gandhi Sagar Park,https://maharashtratouristplaces.in/nagpur/umred/gandhi-sagar-park/,https://maharashtratouristplaces.in/wp-content/uploads/2026/04/Gandhi-Sagar-Park-garden-view.webp,Gandhi-Sagar-Park-garden-view.webp,"Gandhi Sagar Park, Umred",PLACE_GALLERY,migration-staging/umred/images/605e808cbb9d.source,WEBP,1280,960,1.33333,248016,86e62358f0f9f2967c98b1391f1c90305a5fed3899e1f18deb747aae9ee58ff6,true,true,false,a79153cbc4541535,UNIQUE,,GOOD,HERO_CANDIDATE,OWNER_CONFIRMATION_REQUIRED,ENTITY_RESOLUTION_REQUIRED,YES,STAGED_CACHED,Subject identity is not verified. Page association is proposed ownership only; no rights inference.,"Can Maharashtra Tourist Places reuse this exact image on the new website? Supply creator/owner, license or permission, usage basis, attribution and rights-confirmation date; confirm subject and proposed entity. Resolve lake/park Place identity separately; staging does not authorize attachment."
61e8b62d01a9,Gandhi Sagar Park,https://maharashtratouristplaces.in/nagpur/umred/,https://maharashtratouristplaces.in/wp-content/uploads/2026/04/Gandhi-Sagar-Park.webp,Gandhi-Sagar-Park.webp,"Gandhi Sagar Park, Umred",PLACE_HERO,migration-staging/umred/images/61e8b62d01a9.source,WEBP,1280,960,1.33333,174226,2fde6acb9c947811479a159820113c5020b628838babf0ca16e57fdb5a10e404,true,true,false,62631ccce633e3e1,UNIQUE,,GOOD,HERO_CANDIDATE,OWNER_CONFIRMATION_REQUIRED,ENTITY_RESOLUTION_REQUIRED,YES,STAGED_CACHED,Subject identity is not verified. Page association is proposed ownership only; no rights inference.,"Can Maharashtra Tourist Places reuse this exact image on the new website? Supply creator/owner, license or permission, usage basis, attribution and rights-confirmation date; confirm subject and proposed entity. Resolve lake/park Place identity separately; staging does not authorize attachment."
a27afad69392,Gandhi Sagar Park,https://maharashtratouristplaces.in/nagpur/umred/gandhi-sagar-park/,https://maharashtratouristplaces.in/wp-content/uploads/2026/04/Gandhi-Sagar-Park-Garden-views.webp,Gandhi-Sagar-Park-Garden-views.webp,"Gandhi Sagar Park, Umred",PLACE_GALLERY,migration-staging/umred/images/a27afad69392.source,WEBP,1280,960,1.33333,383756,65b808e137e53bf2133db393841b471a282b0c380cfdad34ee3b9ff92204acba,true,true,false,9396ec73c2e2f3f3,UNIQUE,,GOOD,HERO_CANDIDATE,OWNER_CONFIRMATION_REQUIRED,ENTITY_RESOLUTION_REQUIRED,YES,STAGED_CACHED,Subject identity is not verified. Page association is proposed ownership only; no rights inference.,"Can Maharashtra Tourist Places reuse this exact image on the new website? Supply creator/owner, license or permission, usage basis, attribution and rights-confirmation date; confirm subject and proposed entity. Resolve lake/park Place identity separately; staging does not authorize attachment."
03901d8cc85c,Kawrapeth Temple,https://maharashtratouristplaces.in/nagpur/umred/shree-vitthal-rukmini-ganeshrao-maharaj-devasthan-kawrapeth/,https://maharashtratouristplaces.in/wp-content/uploads/2026/04/Shree-Vitthal-Rukmini-Ganeshrao-Maharaj-Devasthan-Kawrapeth-out-side-view.webp,Shree-Vitthal-Rukmini-Ganeshrao-Maharaj-Devasthan-Kawrapeth-out-side-view.webp,"Shree Vitthal Rukmini Ganeshrao Maharaj Devasthan, Kawrapeth",PLACE_GALLERY,migration-staging/umred/images/03901d8cc85c.source,WEBP,1600,1200,1.33333,338618,a74bd907556802448e98bddc657cbd27336acf5851f2f1e6a516526a44034d07,true,true,false,8032f3dc14327320,UNIQUE,,GOOD,HERO_CANDIDATE,OWNER_CONFIRMATION_REQUIRED,DRAFT_ENTITY_RESOLVED,YES,STAGED_CACHED,Subject identity is not verified. Page association is proposed ownership only; no rights inference.,"Can Maharashtra Tourist Places reuse this exact image on the new website? Supply creator/owner, license or permission, usage basis, attribution and rights-confirmation date; confirm subject and proposed entity."
376456607bc7,Kawrapeth Temple,https://maharashtratouristplaces.in/nagpur/umred/shree-vitthal-rukmini-ganeshrao-maharaj-devasthan-kawrapeth/,https://maharashtratouristplaces.in/wp-content/uploads/2026/04/Shree-Vitthal-Rukmini-Ganeshrao-Maharaj-Devasthan-Kawrapeth-darshan.webp,Shree-Vitthal-Rukmini-Ganeshrao-Maharaj-Devasthan-Kawrapeth-darshan.webp,"Shree Vitthal Rukmini Ganeshrao Maharaj Devasthan, Kawrapeth",PLACE_GALLERY,migration-staging/umred/images/376456607bc7.source,WEBP,1600,1200,1.33333,292736,a450ca335762941835ec7b2a75c25c2f968a3b5e5b7c53275f17921813f1fce0,true,true,false,793d2f4d75e5e460,UNIQUE,,GOOD,HERO_CANDIDATE,OWNER_CONFIRMATION_REQUIRED,DRAFT_ENTITY_RESOLVED,YES,STAGED_CACHED,Subject identity is not verified. Page association is proposed ownership only; no rights inference.,"Can Maharashtra Tourist Places reuse this exact image on the new website? Supply creator/owner, license or permission, usage basis, attribution and rights-confirmation date; confirm subject and proposed entity."
74eb8ba3e0da,Kawrapeth Temple,https://maharashtratouristplaces.in/nagpur/umred/,https://maharashtratouristplaces.in/wp-content/uploads/2026/04/Shree-Vitthal-Rukmini-Ganeshrao-Maharaj-Devasthan-Kawrapeth-front-view.webp,Shree-Vitthal-Rukmini-Ganeshrao-Maharaj-Devasthan-Kawrapeth-front-view.webp,"Shree Vitthal Rukmini Ganeshrao Maharaj Devasthan, Kawrapeth",PLACE_HERO,migration-staging/umred/images/74eb8ba3e0da.source,WEBP,1600,1200,1.33333,347918,a12371265441e3a84ffad4875ccbe4c13eb1218977e52b641efafee81e330c24,true,true,false,cdcd0a3563332100,UNIQUE,,GOOD,HERO_CANDIDATE,OWNER_CONFIRMATION_REQUIRED,DRAFT_ENTITY_RESOLVED,YES,STAGED_CACHED,Subject identity is not verified. Page association is proposed ownership only; no rights inference.,"Can Maharashtra Tourist Places reuse this exact image on the new website? Supply creator/owner, license or permission, usage basis, attribution and rights-confirmation date; confirm subject and proposed entity."
af317ec2c842,Kawrapeth Temple,https://maharashtratouristplaces.in/nagpur/umred/shree-vitthal-rukmini-ganeshrao-maharaj-devasthan-kawrapeth/,https://maharashtratouristplaces.in/wp-content/uploads/2026/04/Shree-Vitthal-Rukmini-Ganeshrao-Maharaj-Devasthan-Kawrapeth-out-side-view2.webp,Shree-Vitthal-Rukmini-Ganeshrao-Maharaj-Devasthan-Kawrapeth-out-side-view2.webp,"Shree Vitthal Rukmini Ganeshrao Maharaj Devasthan, Kawrapeth",PLACE_GALLERY,migration-staging/umred/images/af317ec2c842.source,WEBP,1600,1200,1.33333,312422,5d225a65ad85e6bf08b073ff9b287d445975064fc18d8ca3572eb03bb5d0a06c,true,true,false,7029b6ba6a71b070,UNIQUE,,GOOD,HERO_CANDIDATE,OWNER_CONFIRMATION_REQUIRED,DRAFT_ENTITY_RESOLVED,YES,STAGED_CACHED,Subject identity is not verified. Page association is proposed ownership only; no rights inference.,"Can Maharashtra Tourist Places reuse this exact image on the new website? Supply creator/owner, license or permission, usage basis, attribution and rights-confirmation date; confirm subject and proposed entity."
d320f0605551,Kawrapeth Temple,https://maharashtratouristplaces.in/nagpur/umred/shree-vitthal-rukmini-ganeshrao-maharaj-devasthan-kawrapeth/,https://maharashtratouristplaces.in/wp-content/uploads/2026/04/Shree-Vitthal-Rukmini-Ganeshrao-Maharaj-Devasthan-Kawrapeth-inside-door-view.webp,Shree-Vitthal-Rukmini-Ganeshrao-Maharaj-Devasthan-Kawrapeth-inside-door-view.webp,"Shree Vitthal Rukmini Ganeshrao Maharaj Devasthan, Kawrapeth",PLACE_GALLERY,migration-staging/umred/images/d320f0605551.source,WEBP,1600,1200,1.33333,349334,0b41501f0ad08ad6712ad0176cb8a70668f415a3292d3dfffc0fd69b80e0dfda,true,true,false,aa2a2a72726a6b63,UNIQUE,,GOOD,HERO_CANDIDATE,OWNER_CONFIRMATION_REQUIRED,DRAFT_ENTITY_RESOLVED,YES,STAGED_CACHED,Subject identity is not verified. Page association is proposed ownership only; no rights inference.,"Can Maharashtra Tourist Places reuse this exact image on the new website? Supply creator/owner, license or permission, usage basis, attribution and rights-confirmation date; confirm subject and proposed entity."
d828d1132c74,Kawrapeth Temple,https://maharashtratouristplaces.in/nagpur/umred/shree-vitthal-rukmini-ganeshrao-maharaj-devasthan-kawrapeth/,https://maharashtratouristplaces.in/wp-content/uploads/2026/04/Shree-Vitthal-Rukmini-Ganeshrao-Maharaj-Devasthan-Kawrapeth-out-side-view-gajanan-maharaj.webp,Shree-Vitthal-Rukmini-Ganeshrao-Maharaj-Devasthan-Kawrapeth-out-side-view-gajanan-maharaj.webp,"Shree Vitthal Rukmini Ganeshrao Maharaj Devasthan, Kawrapeth",PLACE_GALLERY,migration-staging/umred/images/d828d1132c74.source,WEBP,1600,1200,1.33333,254140,c0756246ac2d6de6d645ba1fb2020320076eeb36dbee35281da5e073fda45e2d,true,true,false,323216f6b6b6b6f6,UNIQUE,,GOOD,HERO_CANDIDATE,OWNER_CONFIRMATION_REQUIRED,DRAFT_ENTITY_RESOLVED,YES,STAGED_CACHED,Subject identity is not verified. Page association is proposed ownership only; no rights inference.,"Can Maharashtra Tourist Places reuse this exact image on the new website? Supply creator/owner, license or permission, usage basis, attribution and rights-confirmation date; confirm subject and proposed entity."
abe95a3d7210,Umred Destination,https://maharashtratouristplaces.in/nagpur/umred/,https://maharashtratouristplaces.in/wp-content/uploads/2026/04/Umred.webp,Umred.webp,Umred,DESTINATION_HERO,migration-staging/umred/images/abe95a3d7210.source,WEBP,1280,960,1.33333,75770,64c4c75f5c6dd357147da5b54205bfe284706c432bb3a4bfa5fd9834ee2777cf,true,false,false,f8dcf0f1e0e03031,UNIQUE,,GOOD,HERO_CANDIDATE,OWNER_CONFIRMATION_REQUIRED,DRAFT_ENTITY_RESOLVED,YES,STAGED_CACHED,Subject identity is not verified. Page association is proposed ownership only; no rights inference.,"Can Maharashtra Tourist Places reuse this exact image on the new website? Supply creator/owner, license or permission, usage basis, attribution and rights-confirmation date; confirm subject and proposed entity."
0ede3b0f2b35,WCL Temple,https://maharashtratouristplaces.in/nagpur/umred/,https://maharashtratouristplaces.in/wp-content/uploads/2026/04/Shree-gajanan-maharaj-temple-picnic-spot-wcl-umred.webp,Shree-gajanan-maharaj-temple-picnic-spot-wcl-umred.webp,"Shree Gajanan Maharaj Devasthan WCL, Umred",PLACE_HERO,migration-staging/umred/images/0ede3b0f2b35.source,WEBP,1280,960,1.33333,244516,f51a2c7129e22b6a3815323fb7a7088e3d4ca1edee1fd6621b18d2471be64dc0,true,true,false,6478ceb5b6fe6d4c,UNIQUE,,GOOD,HERO_CANDIDATE,OWNER_CONFIRMATION_REQUIRED,DRAFT_ENTITY_RESOLVED,YES,STAGED_CACHED,Subject identity is not verified. Page association is proposed ownership only; no rights inference.,"Can Maharashtra Tourist Places reuse this exact image on the new website? Supply creator/owner, license or permission, usage basis, attribution and rights-confirmation date; confirm subject and proposed entity."
30b54087a082,WCL Temple,https://maharashtratouristplaces.in/nagpur/umred/shree-gajanan-maharaj-devasthan-w-c-l-picnic-spot/,https://maharashtratouristplaces.in/wp-content/uploads/2026/04/Shree-gajanan-maharaj-temple-picnic-spot-video-point-umred.webp,Shree-gajanan-maharaj-temple-picnic-spot-video-point-umred.webp,"Shree Gajanan Maharaj Devasthan WCL, Umred",PLACE_GALLERY,migration-staging/umred/images/30b54087a082.source,WEBP,1170,650,1.8,267200,8164c13d1282d42e1affa4dc975de55adde3595851036e480b29c689384a76c9,true,true,false,615b9bdee6c1e2e6,UNIQUE,,ACCEPTABLE,GALLERY_CANDIDATE,OWNER_CONFIRMATION_REQUIRED,DRAFT_ENTITY_RESOLVED,YES,STAGED_CACHED,Subject identity is not verified. Page association is proposed ownership only; no rights inference.,"Can Maharashtra Tourist Places reuse this exact image on the new website? Supply creator/owner, license or permission, usage basis, attribution and rights-confirmation date; confirm subject and proposed entity."
575f96a9ccdb,WCL Temple,https://maharashtratouristplaces.in/nagpur/umred/shree-gajanan-maharaj-devasthan-w-c-l-picnic-spot/,https://maharashtratouristplaces.in/wp-content/uploads/2026/04/shiv-temple-picnic-spot-umred-inside-views.webp,shiv-temple-picnic-spot-umred-inside-views.webp,"Shree Gajanan Maharaj Devasthan WCL, Umred",PLACE_GALLERY,migration-staging/umred/images/575f96a9ccdb.source,WEBP,1280,960,1.33333,135952,39da540d57e38a8e2a6cca5e8f76d35ccd25512f14326bdf6f13dfe67d33acbf,true,true,false,dccc6c64746cecd8,UNIQUE,,GOOD,HERO_CANDIDATE,OWNER_CONFIRMATION_REQUIRED,DRAFT_ENTITY_RESOLVED,YES,STAGED_CACHED,Subject identity is not verified. Page association is proposed ownership only; no rights inference.,"Can Maharashtra Tourist Places reuse this exact image on the new website? Supply creator/owner, license or permission, usage basis, attribution and rights-confirmation date; confirm subject and proposed entity."
591bb1b28387,WCL Temple,https://maharashtratouristplaces.in/nagpur/umred/shree-gajanan-maharaj-devasthan-w-c-l-picnic-spot/,https://maharashtratouristplaces.in/wp-content/uploads/2026/04/shiv-mandir-picnic-spot-umred-inside-view.webp,shiv-mandir-picnic-spot-umred-inside-view.webp,"Shree Gajanan Maharaj Devasthan WCL, Umred",PLACE_GALLERY,migration-staging/umred/images/591bb1b28387.source,WEBP,1280,960,1.33333,214860,b7c6fe08175fb4365be13d9e6a5c986426414caf3b909fa58d6b28b7e5636c65,true,true,false,c2776eaa8f77dfad,UNIQUE,,GOOD,HERO_CANDIDATE,OWNER_CONFIRMATION_REQUIRED,DRAFT_ENTITY_RESOLVED,YES,STAGED_CACHED,Subject identity is not verified. Page association is proposed ownership only; no rights inference.,"Can Maharashtra Tourist Places reuse this exact image on the new website? Supply creator/owner, license or permission, usage basis, attribution and rights-confirmation date; confirm subject and proposed entity."
6511c3ada86a,WCL Temple,https://maharashtratouristplaces.in/nagpur/umred/shree-gajanan-maharaj-devasthan-w-c-l-picnic-spot/,https://maharashtratouristplaces.in/wp-content/uploads/2026/04/Shree-gajanan-maharaj-temple-entry-gate-picnic-spot-umred.webp,Shree-gajanan-maharaj-temple-entry-gate-picnic-spot-umred.webp,"Shree Gajanan Maharaj Devasthan WCL, Umred",PLACE_GALLERY,migration-staging/umred/images/6511c3ada86a.source,WEBP,1280,960,1.33333,195850,84c0f9f6f24fc09a0cc7af14cb8e8be1d48a2e4b53b802ae82aab969d8d61d31,true,true,false,3e3cd19988a82f0f,UNIQUE,,GOOD,HERO_CANDIDATE,OWNER_CONFIRMATION_REQUIRED,DRAFT_ENTITY_RESOLVED,YES,STAGED_CACHED,Subject identity is not verified. Page association is proposed ownership only; no rights inference.,"Can Maharashtra Tourist Places reuse this exact image on the new website? Supply creator/owner, license or permission, usage basis, attribution and rights-confirmation date; confirm subject and proposed entity."
ac3de7bf2d5e,WCL Temple,https://maharashtratouristplaces.in/nagpur/umred/shree-gajanan-maharaj-devasthan-w-c-l-picnic-spot/,https://maharashtratouristplaces.in/wp-content/uploads/2026/04/Shree-gajanan-maharaj-temple-picnic-spot-umred.webp,Shree-gajanan-maharaj-temple-picnic-spot-umred.webp,"Shree Gajanan Maharaj Devasthan WCL, Umred",PLACE_GALLERY,migration-staging/umred/images/ac3de7bf2d5e.source,WEBP,1280,960,1.33333,218352,aa46d85c68b288b43070165234077404ee5622eff73428d4fd03542cedc5d651,true,true,false,6d1e4e8e9dd0e0e0,UNIQUE,,GOOD,HERO_CANDIDATE,OWNER_CONFIRMATION_REQUIRED,DRAFT_ENTITY_RESOLVED,YES,STAGED_CACHED,Subject identity is not verified. Page association is proposed ownership only; no rights inference.,"Can Maharashtra Tourist Places reuse this exact image on the new website? Supply creator/owner, license or permission, usage basis, attribution and rights-confirmation date; confirm subject and proposed entity."
ad27e4f10664,WCL Temple,https://maharashtratouristplaces.in/nagpur/umred/shree-gajanan-maharaj-devasthan-w-c-l-picnic-spot/,https://maharashtratouristplaces.in/wp-content/uploads/2026/04/Shree-gajanan-maharaj-temple-outside-view-picnic-spot-umred.webp,Shree-gajanan-maharaj-temple-outside-view-picnic-spot-umred.webp,"Shree Gajanan Maharaj Devasthan WCL, Umred",PLACE_GALLERY,migration-staging/umred/images/ad27e4f10664.source,WEBP,1280,960,1.33333,149694,9ff20829935c27425543e65ac3043a417f3d22c74d3683a91157376b349c2621,true,true,false,2c79666745cb9880,UNIQUE,,GOOD,HERO_CANDIDATE,OWNER_CONFIRMATION_REQUIRED,DRAFT_ENTITY_RESOLVED,YES,STAGED_CACHED,Subject identity is not verified. Page association is proposed ownership only; no rights inference.,"Can Maharashtra Tourist Places reuse this exact image on the new website? Supply creator/owner, license or permission, usage basis, attribution and rights-confirmation date; confirm subject and proposed entity."
